날짜,시가,고가,저가,종가,거래량,등락률,시가총액,거래량_cap,거래대금,상장주식수,BPS,PER,PBR,EPS,DIV,DPS,기관합계,기타법인,개인,외국인합계,공매도잔고,상장주식수_short,공매도금액,시가총액_short,비중
2024-05-24,199800,202500,197500,198600,3793872,-0.7000000000000001,144581269689000,3793872,757806938160,728002365,77752,0.0,2.55,0,0.6,1200,-187289979900,-4492300100,36363413700,155418866300,1421069.0,728002365.0,282224303400.0,144581269689000.0,0.2
2024-05-27,203500,209000,199100,201500,4774882,1.460221550855992,146692476547500,4774882,978796178200,728002365,77752,0.0,2.59,0,0.6,1200,-179440393300,-23213484700,-177617379000,380271257000,1464624.0,728002365.0,295121736000.0,146692476547500.0,0.2
2024-05-28,202500,205500,200500,202500,2084945,0.49627791563275436,147420478912500,2084945,421758880180,728002365,77752,0.0,2.6,0,0.59,1200,-60786836500,6627766000,34909486000,19249584500,1478355.0,728002365.0,299366887500.0,147420478912500.0,0.2
2024-05-29,210000,210000,200500,202500,3073139,0.0,147420478912500,3073139,625798561849,728002365,77752,0.0,2.6,0,0.59,1200,-68819521000,6799702500,52327582000,9692236500,1517287.0,728002365.0,307250617500.0,147420478912500.0,0.21
2024-05-30,202500,202500,195700,195700,2402236,-3.3580246913580245,142470062830500,2402236,475957922800,728002365,77752,0.0,2.52,0,0.61,1200,-66123096500,3021564000,70268954000,-7167421500,1631494.0,728002365.0,319283375800.0,142470062830500.0,0.22
2024-05-31,194400,195200,188200,189200,5958829,-3.321410321921308,137738047458000,5958829,1131954708965,728002365,77752,0.0,2.43,0,0.63,1200,104479710300,-333919300,92491647000,-196637438000,1602959.0,728002365.0,303279842800.0,137738047458000.0,0.22
2024-06-03,189500,194600,188200,194200,2982443,2.6427061310782243,141378059283000,2982443,571760605900,728002365,77752,0.0,2.5,0,0.62,1200,-31508523600,-2731044300,-56302995300,90542563200,1615942.0,728002365.0,313815936400.0,141378059283000.0,0.22
2024-06-04,196400,196500,192900,193300,1996780,-0.46343975283213185,140722857154500,1996780,387926318936,728002365,77752,0.0,2.49,0,0.62,1200,-35775993000,179856600,12138017500,23458118900,1650738.0,728002365.0,319087655400.0,140722857154500.0,0.23
2024-06-05,189400,195200,188800,193700,2709631,0.20693222969477496,141014058100500,2709631,519753179900,728002365,77752,0.0,2.49,0,0.62,1200,11365956500,979177200,-21278552900,8933419200,1609015.0,728002365.0,311666205500.0,141014058100500.0,0.22
2024-06-07,199500,207500,197300,207500,4805326,7.1244192049561175,151060490737500,4805326,976785683968,728002365,77752,0.0,2.67,0,0.58,1200,-18025436000,503731200,-343708444600,361230149400,1416055.0,728002365.0,293831412500.0,151060490737500.0,0.19
2024-06-10,206000,209500,205000,208000,2448961,0.24096385542168677,151424491920000,2448961,508789448000,728002365,77752,0.0,2.68,0,0.58,1200,-84634180500,1683766000,-12784749000,95735163500,1319341.0,728002365.0,274422928000.0,151424491920000.0,0.18
2024-06-11,210000,215000,206000,212500,3070163,2.1634615384615383,154700502562500,3070163,647746581000,728002365,77752,0.0,2.73,0,0.56,1200,-47068824000,-106095500,-63038189000,110213108500,1282642.0,728002365.0,272561425000.0,154700502562500.0,0.18
2024-06-12,212000,216000,211000,215000,2151331,1.1764705882352942,156520508475000,2151331,459699813376,728002365,77752,0.0,2.77,0,0.56,1200,-57223873500,-2772774500,-63668314500,123664962500,1120653.0,728002365.0,240940395000.0,156520508475000.0,0.15
2024-06-13,226000,226500,219000,222000,5777279,3.255813953488372,161616525030000,5777279,1292420493649,728002365,77752,0.0,2.86,0,0.54,1200,-190714645000,-4534367000,-161113720500,356362732500,877283.0,728002365.0,194756826000.0,161616525030000.0,0.12
2024-06-14,225000,225000,216000,221000,3311223,-0.45045045045045046,160888522665000,3311223,730644813343,728002365,77752,0.0,2.84,0,0.54,1200,-156819999000,-3654281000,15056220500,145418059500,815454.0,728002365.0,180215334000.0,160888522665000.0,0.11
2024-06-17,219000,229500,219000,223000,2198340,0.904977375565611,162344527395000,2198340,493039410000,728002365,77752,0.0,2.87,0,0.54,1200,-12247549000,2635193000,-12581533500,22193889500,1022590.0,728002365.0,228037570000.0,162344527395000.0,0.14
2024-06-18,227000,234500,227000,234500,3136231,5.15695067264574,170716554592500,3136231,725327503114,728002365,77752,0.0,3.02,0,0.51,1200,-63273561000,15777000,-86007685500,149265469500,1046905.0,728002365.0,245499222500.0,170716554592500.0,0.14
2024-06-19,235000,243000,231500,233500,3758652,-0.42643923240938164,169988552227500,3758652,889433317870,728002365,77752,0.0,3.0,0,0.51,1200,-3178418500,2845197500,120202908000,-119869687000,1185530.0,728002365.0,276821255000.0,169988552227500.0,0.16
2024-06-20,233500,238500,231000,237500,2927358,1.7130620985010707,172900561687500,2927358,690353793367,728002365,77752,0.0,3.05,0,0.51,1200,-7887769000,-1302855500,45395477000,-36204852500,1141402.0,728002365.0,271082975000.0,172900561687500.0,0.16
2024-06-21,230500,234500,230000,234000,3848394,-1.4736842105263157,170352553410000,3848394,893734483178,728002365,77752,0.0,3.01,0,0.51,1200,-44817076000,-4790348000,50262306000,-654882000,1156043.0,728002365.0,270514062000.0,170352553410000.0,0.16
2024-06-24,228000,230000,220000,223000,5080726,-4.700854700854701,162344527395000,5080726,1136220620500,728002365,77752,0.0,2.87,0,0.54,1200,78746401000,-304123000,227741464000,-306183742000,1174095.0,728002365.0,261823185000.0,162344527395000.0,0.16
2024-06-25,215500,225000,215000,225000,5730999,0.8968609865470852,163800532125000,5730999,1265955855500,728002365,77752,0.0,2.89,0,0.53,1200,139604775500,2240309500,-22986520500,-118858564500,1156432.0,728002365.0,260197200000.0,163800532125000.0,0.16
2024-06-26,228000,238500,227500,237000,5166862,5.333333333333334,172536560505000,5166862,1207855980000,728002365,77752,0.0,3.05,0,0.51,1200,-116402396000,3592034500,-110899518500,223709880000,1151239.0,728002365.0,272843643000.0,172536560505000.0,0.16
2024-06-27,229500,239000,227500,236500,3763005,-0.21097046413502107,172172559322500,3763005,878989672000,728002365,77752,0.0,3.04,0,0.51,1200,-99500331500,3377237000,41066939000,55056155500,1216162.0,728002365.0,287622313000.0,172172559322500.0,0.17
2024-06-28,235500,237500,232500,236500,2368287,0.0,172172559322500,2368287,557342030500,728002365,77752,0.0,3.04,0,0.51,1200,27899232500,1221493000,9620513500,-38741239000,1215076.0,728002365.0,287365474000.0,172172559322500.0,0.17
2024-07-01,233500,236500,232000,235500,1709955,-0.42283298097251587,171444556957500,1709955,400886751500,728002365,77752,0.0,3.03,0,0.51,1200,-2764391500,79288000,11158277000,-8473173500,1197241.0,728002365.0,281950255500.0,171444556957500.0,0.16
2024-07-02,235500,237000,230500,232000,2343947,-1.48619957537155,168896548680000,2343947,547269198077,728002365,77752,0.0,2.98,0,0.52,1200,-65499823000,-1043808500,16229267000,50314364500,1218667.0,728002365.0,282730744000.0,168896548680000.0,0.17
2024-07-03,231000,236000,225000,236000,3315677,1.7241379310344827,171808558140000,3315677,765077936994,728002365,77752,0.0,3.04,0,0.51,1200,14215908000,-1021876500,-43885182500,30691151000,1219113.0,728002365.0,287710668000.0,171808558140000.0,0.17
2024-07-04,240500,240500,225000,230000,7599882,-2.5423728813559325,167440543950000,7599882,1754420280262,728002365,77752,0.0,2.96,0,0.52,1200,54490139000,34007940500,132588029500,-221086109000,1285939.0,728002365.0,295765970000.0,167440543950000.0,0.18
2024-07-05,228500,237500,227500,236000,4041293,2.608695652173913,171808558140000,4041293,942906556000,728002365,77752,0.0,3.04,0,0.51,1200,153363960500,3194175000,-124668018500,-31890117000,1194708.0,728002365.0,281951088000.0,171808558140000.0,0.16
2024-07-08,234000,237000,232500,233500,2309023,-1.059322033898305,169988552227500,2309023,540444769469,728002365,77752,0.0,3.0,0,0.51,1200,-69113236500,-1096635500,67449097500,2760774500,1218650.0,728002365.0,284554775000.0,169988552227500.0,0.17
2024-07-09,235500,241000,233000,238500,4810781,2.141327623126338,173628564052500,4810781,1143174601859,728002365,77752,0.0,3.07,0,0.5,1200,36279333500,-1647145000,-79157515000,44525326500,1138242.0,728002365.0,271470717000.0,173628564052500.0,0.16
2024-07-10,237500,239000,234000,239000,2579373,0.20964360587002098,173992565235000,2579373,611201512750,728002365,77752,0.0,3.07,0,0.5,1200,-36746235500,-865871000,7827284000,29784822500,1130632.0,728002365.0,270221048000.0,173992565235000.0,0.16
2024-07-11,242500,248500,241000,241000,5336097,0.8368200836820083,175448569965000,5336097,1303368111500,728002365,77752,0.0,3.1,0,0.5,1200,9166505000,-38259500500,15445790500,13647205000,1235660.0,728002365.0,297794060000.0,175448569965000.0,0.17
2024-07-12,232000,236000,230000,233000,4972976,-3.319502074688797,169624551045000,4972976,1157877980500,728002365,77752,0.0,3.0,0,0.52,1200,23449954500,1180328000,163038289500,-187668572000,1231463.0,728002365.0,286930879000.0,169624551045000.0,0.17
2024-07-15,235000,235500,226500,230000,3301380,-1.2875536480686696,167440543950000,3301380,763989336500,728002365,77752,0.0,2.96,0,0.52,1200,-188514638500,6192084500,143440847500,38881706500,1186555.0,728002365.0,272907650000.0,167440543950000.0,0.16
2024-07-16,226500,235000,224000,233000,3982189,1.3043478260869565,169624551045000,3982189,918962353372,728002365,77752,0.0,3.0,0,0.52,1200,-56496008500,-3648902500,-30538334000,90683245000,1176050.0,728002365.0,274019650000.0,169624551045000.0,0.16
2024-07-17,229500,230000,220500,220500,6051510,-5.36480686695279,160524521482500,6051510,1354821751250,728002365,77752,0.0,2.84,0,0.54,1200,-7291724000,39904700500,374724791000,-407337767500,1344831.0,728002365.0,296535235500.0,160524521482500.0,0.18
2024-07-18,212500,215000,209000,212500,8847665,-3.6281179138321997,154700502562500,8847665,1873308230130,728002365,77752,0.0,2.73,0,0.56,1200,174260244000,7822832500,158565426000,-340648502500,1210454.0,728002365.0,257221475000.0,154700502562500.0,0.17
2024-07-19,208500,214000,207000,209500,4519170,-1.411764705882353,152516495467500,4519170,949039126250,728002365,77752,0.0,2.69,0,0.57,1200,-6959179000,8094119000,102045447500,-103180387500,1241005.0,728002365.0,259990547500.0,152516495467500.0,0.17
2024-07-22,209000,209500,200500,205000,6662441,-2.1479713603818613,149240484825000,6662441,1363039398518,728002365,77752,0.0,2.64,0,0.59,1200,-11122347500,-4632306000,46079880500,-30325227000,1273782.0,728002365.0,261125310000.0,149240484825000.0,0.17
2024-07-23,208500,209500,200500,205000,5976519,0.0,149240484825000,5976519,1224619868908,728002365,77752,0.0,2.64,0,0.59,1200,38344657000,15370274500,87057337500,-140772269000,1253569.0,728002365.0,256981645000.0,149240484825000.0,0.17
2024-07-24,202000,212500,200000,208500,4838734,1.707317073170732,151788493102500,4838734,1003813878000,728002365,77752,0.0,2.68,0,0.58,1200,-23649989000,-2249494000,3102877500,22796605500,1276390.0,728002365.0,266127315000.0,151788493102500.0,0.18
2024-07-25,196200,198800,189000,190000,12503762,-8.872901678657074,138320449350000,12503762,2411730871900,728002365,77752,0.0,2.44,0,0.63,1200,65644282600,14031202200,633640663300,-713316148100,1486468.0,728002365.0,282428920000.0,138320449350000.0,0.2
2024-07-26,190800,194500,186100,191800,8769107,0.9473684210526316,139630853607000,8769107,1670363205934,728002365,77752,0.0,2.47,0,0.63,1200,170345907200,4378468900,113965715700,-288690091800,1214023.0,728002365.0,232849611400.0,139630853607000.0,0.17
2024-07-29,195000,195700,192200,195600,4017366,1.981230448383733,142397262594000,4017366,781013281950,728002365,77752,0.0,2.52,0,0.61,1200,-34021899000,106847300,-136931297500,170846349200,1129601.0,728002365.0,220949955600.0,142397262594000.0,0.16
2024-07-30,191300,192200,186500,188900,5165131,-3.425357873210634,137519646748500,5165131,973145109400,728002365,77752,0.0,2.43,0,0.64,1200,-3808924100,3383893800,102793507500,-102368477200,1088162.0,728002365.0,205553801800.0,137519646748500.0,0.15
2024-07-31,188000,195000,185200,194600,6439929,3.0174695606140816,141669260229000,6439929,1228259251360,728002365,77752,0.0,2.5,0,0.62,1200,71701150500,2315549400,-101143624100,27126924200,1051592.0,728002365.0,204639803200.0,141669260229000.0,0.14
2024-08-01,201500,201500,193300,193300,6457167,-0.6680369989722508,140722857154500,6457167,1274255464000,728002365,77752,0.0,2.49,0,0.62,1200,-24888671200,3951981000,22174988400,-1238298200,1018288.0,728002365.0,196835070400.0,140722857154500.0,0.14
2024-08-02,183600,184000,172400,173200,13050139,-10.398344542162443,126090009618000,13050139,2305548692308,728002365,77752,0.0,2.23,0,0.69,1200,-145667175600,424941000,515116315800,-369874081200,1026688.0,728002365.0,177822361600.0,126090009618000.0,0.14
2024-08-05,168000,171200,151600,156100,12358821,-9.8729792147806,113641169176500,12358821,1991368926669,728002365,77752,0.0,2.01,0,0.77,1200,-425533600,3924269300,225989880300,-229488616000,1084637.0,728002365.0,169311835700.0,113641169176500.0,0.15
2024-08-06,165100,166400,161500,163700,10717321,4.86867392696989,119173987150500,10717321,1760799117820,728002365,77752,0.0,2.11,0,0.73,1200,49491975600,4007534300,-24593652500,-28905857400,1101909.0,728002365.0,180382503300.0,119173987150500.0,0.15
2024-08-07,160900,171000,157400,169300,9732037,3.4208918753817956,123250800394500,9732037,1606879911535,728002365,77752,0.0,2.18,0,0.71,1200,10791688800,-2882489700,-11478297200,3569098100,1102051.0,728002365.0,186577234300.0,123250800394500.0,0.15
2024-08-08,162600,168200,161200,163400,5370361,-3.484937979917307,118955586441000,5370361,880065942750,728002365,77752,0.0,2.1,0,0.73,1200,-47240652200,1895868800,56842183900,-11497400500,1158282.0,728002365.0,189263278800.0,118955586441000.0,0.16
2024-08-09,172800,172800,168800,171500,5141277,4.957160342717258,124852405597500,5141277,878158271254,728002365,77752,0.0,2.21,0,0.7,1200,24085223100,-30573138900,-160496789400,166984705200,1166862.0,728002365.0,200116833000.0,124852405597500.0,0.16
2024-08-12,174500,179800,172600,177000,4413736,3.206997084548105,128856418605000,4413736,782041884600,728002365,77752,0.0,2.28,0,0.68,1200,-30712872500,-1101386000,-48425517300,80239775800,1151864.0,728002365.0,203879928000.0,128856418605000.0,0.16
2024-08-13,179900,182400,178800,181900,4234287,2.768361581920904,132423630193500,4234287,764400807200,728002365,77752,0.0,2.34,0,0.66,1200,-11907337800,-2390575500,-78760454100,93058367400,1273130.0,728002365.0,231582347000.0,132423630193500.0,0.17
2024-08-14,188000,188100,184700,186700,4420516,2.638812534359538,135918041545500,4420516,825169822500,728002365,77752,0.0,2.4,0,0.64,1200,-15812212100,715178700,-23030041500,38127074900,1356604.0,728002365.0,253277966800.0,135918041545500.0,0.19
2024-08-16,196000,200000,194700,199700,6959688,6.963042313872522,145382072290500,6959688,1376475031084,728002365,77752,0.0,2.57,0,0.6,1200,-54157485300,-1191470900,-335891768400,391240724600,1299948.0,728002365.0,259599615600.0,145382072290500.0,0.18
2024-08-19,199900,199900,192400,193900,3977026,-2.9043565348022033,141159658573500,3977026,777397143900,728002365,77752,0.0,2.49,0,0.62,1200,-38076487100,-1535270900,62347198500,-22735440500,1270068.0,728002365.0,246266185200.0,141159658573500.0,0.17
2024-08-20,198700,202500,198100,199700,4258190,2.9912325941206808,145382072290500,4258190,853193471878,728002365,77752,0.0,2.57,0,0.6,1200,-47896709500,-143363100,-108176240400,156216313000,1143624.0,728002365.0,228381712800.0,145382072290500.0,0.16
2024-08-21,193000,195400,191100,192600,4508983,-3.5553329994992486,140213255499000,4508983,869118978200,728002365,77752,0.0,2.48,0,0.62,1200,-77995440800,-185641700,212221340600,-134040258100,1139757.0,728002365.0,219517198200.0,140213255499000.0,0.16
2024-08-22,192000,194400,189000,191100,3166217,-0.778816199376947,139121251951500,3166217,605771429500,728002365,77752,0.0,2.46,0,0.63,1200,-68371455100,639314400,52077190400,15654950300,1163636.0,728002365.0,222370839600.0,139121251951500.0,0.16
2024-08-23,186000,189300,185400,185500,4371332,-2.93040293040293,135044438707500,4371332,816524629000,728002365,77752,0.0,2.39,0,0.65,1200,55856455200,1274247600,188738771200,-245869474000,1435630.0,728002365.0,266309365000.0,135044438707500.0,0.2
2024-08-26,187800,188500,179600,179600,4913204,-3.1805929919137466,130749224754000,4913204,895835545600,728002365,77752,0.0,2.31,0,0.67,1200,22472820100,566277400,180614263800,-203653361300,1384929.0,728002365.0,248733248400.0,130749224754000.0,0.19
2024-08-27,176800,180200,173400,175000,5796566,-2.5612472160356345,127400413875000,5796566,1019901821280,728002365,77752,0.0,2.25,0,0.69,1200,58093867700,31040672600,133477827300,-222612367600,1194266.0,728002365.0,208996550000.0,127400413875000.0,0.16
2024-08-28,175000,180800,174000,179300,5590086,2.457142857142857,130530824044500,5590086,990245614800,728002365,77752,0.0,2.31,0,0.67,1200,102394241400,6756219800,74947226300,-184097687500,1276241.0,728002365.0,228830011300.0,130530824044500.0,0.18
2024-08-29,167600,171700,167200,169700,8284585,-5.354155047406581,123542001340500,8284585,1401104377307,728002365,77752,0.0,2.18,0,0.71,1200,-110153761000,-3047392700,246179917100,-132978763400,1270612.0,728002365.0,215622856400.0,123542001340500.0,0.17
2024-08-30,171000,175500,169400,173700,4498221,2.357100766057749,126454010800500,4498221,777224540112,728002365,77752,0.0,2.23,0,0.69,1200,44972863700,-97643200,247074600,-45122295100,1292600.0,728002365.0,224524620000.0,126454010800500.0,0.18
2024-09-02,173600,174900,168400,174000,3507670,0.17271157167530224,126672411510000,3507670,603452753000,728002365,77752,0.0,2.24,0,0.69,1200,-70207061500,-853309600,6972451700,64087919400,1313664.0,728002365.0,228577536000.0,126672411510000.0,0.18
2024-09-03,172900,173800,168300,168300,3286574,-3.2758620689655173,122522798029500,3286574,561624316800,728002365,77752,0.0,2.16,0,0.71,1200,-47364477900,1541959100,85280554100,-39458035300,1329584.0,728002365.0,223768987200.0,122522798029500.0,0.18
2024-09-04,152900,159000,152900,154800,10020391,-8.02139037433155,112694766102000,10020391,1562780316181,728002365,77752,0.0,1.99,0,0.78,1200,-32992967000,20878129900,354028680200,-341913843100,1269488.0,728002365.0,196516742400.0,112694766102000.0,0.17
2024-09-05,157000,163000,156600,159400,5349484,2.9715762273901807,116043576981000,5349484,852321306050,728002365,77752,0.0,2.05,0,0.75,1200,-15879318700,-14123247900,-26254991400,56257558000,1258262.0,728002365.0,200566962800.0,116043576981000.0,0.17
2024-09-06,157100,158200,154900,156400,3459914,-1.8820577164366372,113859569886000,3459914,540878643790,728002365,77752,0.0,2.01,0,0.77,1200,-9229716500,578493900,78433061500,-69781838900,1352398.0,728002365.0,211515047200.0,113859569886000.0,0.19
2024-09-09,151800,157700,150500,157000,4484162,0.3836317135549872,114296371305000,4484162,690588191000,728002365,77752,0.0,2.02,0,0.76,1200,71145843100,5626190800,84240827100,-161012861000,1269575.0,728002365.0,199323275000.0,114296371305000.0,0.17
2024-09-10,157400,161700,154300,155500,4718523,-0.9554140127388535,113204367757500,4718523,743554238700,728002365,77752,0.0,2.0,0,0.77,1200,66986114500,4736791800,28027466800,-99750373100,1364880.0,728002365.0,212238840000.0,113204367757500.0,0.19
2024-09-11,156800,158700,154300,157200,3203928,1.0932475884244373,114441971778000,3203928,502162522100,728002365,77752,0.0,2.02,0,0.76,1200,38112054100,1582593000,-6762734200,-32931912900,1349734.0,728002365.0,212178184800.0,114441971778000.0,0.19
2024-09-12,165200,171300,163800,168800,8628996,7.37913486005089,122886799212000,8628996,1448494775000,728002365,77752,0.0,2.17,0,0.71,1200,-32830863300,-27656649600,-187201349100,247688862000,1338909.0,728002365.0,226007839200.0,122886799212000.0,0.18
2024-09-13,166500,166700,161100,162800,5246578,-3.5545023696682465,118518785022000,5246578,858303029100,728002365,77752,0.0,2.09,0,0.74,1200,62416142400,26586356600,166845701800,-255848200800,1383760.0,728002365.0,225276128000.0,118518785022000.0,0.19
2024-09-19,154700,155700,144700,152800,15001257,-6.142506142506143,111238761372000,15001257,2252832679920,728002365,77752,0.0,1.97,0,0.79,1200,71319981500,7123636100,283273145800,-361716763400,1208194.0,728002365.0,184612043200.0,111238761372000.0,0.17
2024-09-20,160500,160800,155900,157100,7155655,2.81413612565445,114369171541500,7155655,1131269181064,728002365,77752,0.0,2.02,0,0.76,1200,2590712400,-298042000,-159558079200,157265408800,1109151.0,728002365.0,174247622100.0,114369171541500.0,0.15
2024-09-23,155800,162900,155700,162000,4497592,3.1190324633991087,117936383130000,4497592,722272949700,728002365,77752,0.0,2.08,0,0.74,1200,69041516200,3876077700,-80274684300,7357090400,1020748.0,728002365.0,165361176000.0,117936383130000.0,0.14
2024-09-24,163700,163700,159200,163500,3442530,0.9259259259259258,119028386677500,3442530,556960896799,728002365,77752,0.0,2.1,0,0.73,1200,37727674200,-2973313400,5640974200,-40395335000,1020673.0,728002365.0,166880035500.0,119028386677500.0,0.14
2024-09-25,166700,169300,165000,165300,4665075,1.1009174311926606,120338790934500,4665075,780853478632,728002365,77752,0.0,2.13,0,0.73,1200,46131893600,-586927000,-97119860000,51574893400,1020981.0,728002365.0,168768159300.0,120338790934500.0,0.14
2024-09-26,178400,180900,176200,180900,9519633,9.43738656987296,131695627828500,9519633,1705712584300,728002365,77752,0.0,2.33,0,0.66,1200,85547098700,-34843346300,-536118929600,485415177200,1037081.0,728002365.0,187607952900.0,131695627828500.0,0.14
2024-09-27,187500,189300,183800,183800,6886272,1.6030956329463792,133806834687000,6886272,1282739690900,728002365,77752,0.0,2.36,0,0.65,1200,-185957670600,-3504271300,-237902851800,427364793700,1066419.0,728002365.0,196007812200.0,133806834687000.0,0.15
2024-09-30,183700,183800,174600,174600,4859468,-5.00544069640914,127109212929000,4859468,866892945285,728002365,77752,0.0,2.25,0,0.69,1200,-59440138000,-3019444600,53633258500,8826324100,1071552.0,728002365.0,187092979200.0,127109212929000.0,0.15
2024-10-02,172700,175500,169100,169100,4720638,-3.150057273768614,123105199921500,4720638,810120111800,728002365,77752,0.0,2.17,0,0.71,1200,-36982910400,1987006300,92094428800,-57098524700,1195181.0,728002365.0,202105107100.0,123105199921500.0,0.16
2024-10-04,171700,175600,170700,174100,3633358,2.956830277942046,126745211746500,3633358,631393491416,728002365,77752,0.0,2.24,0,0.69,1200,-8812248900,-3229379100,-37195634500,49237262500,1165935.0,728002365.0,202989283500.0,126745211746500.0,0.16
2024-10-07,178400,184900,176000,184900,3904925,6.203331418724871,134607637288500,3904925,705726200700,728002365,77752,0.0,2.38,0,0.65,1200,-36630109700,-4599687400,-163718071100,204947868200,1138404.0,728002365.0,210490899600.0,134607637288500.0,0.16
2024-10-08,182200,185000,178000,178000,3988028,-3.7317468902109248,129584420970000,3988028,720348427108,728002365,77752,0.0,2.29,0,0.67,1200,-15328300800,1216100300,117887890500,-103775690000,1245711.0,728002365.0,221736558000.0,129584420970000.0,0.17
2024-10-10,184500,188100,183400,186700,6325045,4.8876404494382015,135918041545500,6325045,1175975386550,728002365,77752,0.0,2.4,0,0.64,1200,80968959700,-2038679800,-240928772300,161998492400,1236696.0,728002365.0,230891143200.0,135918041545500.0,0.17
2024-10-11,190000,191200,185100,186000,3475666,-0.3749330476700589,135408439890000,3475666,651217925890,728002365,77752,0.0,2.39,0,0.65,1200,-63652969300,2125352600,28989580800,32538035900,1281809.0,728002365.0,238416474000.0,135408439890000.0,0.18
2024-10-14,186900,192300,186900,187500,3309274,0.8064516129032258,136500443437500,3309274,625997612700,728002365,77752,0.0,2.41,0,0.64,1200,-379129300,619915600,-43312661300,43071875000,1299014.0,728002365.0,243565125000.0,136500443437500.0,0.18
2024-10-15,191900,193200,189700,192900,4060365,2.88,140431656208500,4060365,779386293200,728002365,77752,0.0,2.48,0,0.62,1200,1550341000,-6015088500,-199172034200,203636781700,1242288.0,728002365.0,239637355200.0,140431656208500.0,0.17
2024-10-16,184700,192500,183600,188700,4787317,-2.177293934681182,137374046275500,4787317,898265411400,728002365,77752,0.0,2.43,0,0.64,1200,5779490400,895630100,61544959600,-68220080100,1225344.0,728002365.0,231222412800.0,137374046275500.0,0.17
2024-10-17,191200,196000,188700,196000,3996946,3.8685744568097507,142688463540000,3996946,766062991925,728002365,77752,0.0,2.52,0,0.61,1200,50895759700,-109875300,-68721130600,17935246200,1182324.0,728002365.0,231735504000.0,142688463540000.0,0.16
2024-10-18,198200,198200,186200,187300,5509895,-4.438775510204081,136354842964500,5509895,1047211211928,728002365,77752,0.0,2.41,0,0.64,1200,-5431664800,-21090300,165569521400,-160116766300,1186500.0,728002365.0,222231450000.0,136354842964500.0,0.16
2024-10-21,189400,192300,188000,190900,2428544,1.9220501868659905,138975651478500,2428544,463396454100,728002365,77752,0.0,2.46,0,0.63,1200,17783699500,-1274526500,-90277197600,73768024600,1189448.0,728002365.0,227065623200.0,138975651478500.0,0.16
2024-10-22,195300,195300,187500,187800,3466963,-1.6238868517548455,136718844147000,3466963,662401590300,728002365,77752,0.0,2.42,0,0.64,1200,-83923445000,1682423400,74964004300,7277017300,1248139.0,728002365.0,234400504200.0,136718844147000.0,0.17
2024-10-23,188500,196700,188000,196000,4366079,4.366347177848776,142688463540000,4366079,845811727700,728002365,77752,0.0,2.52,0,0.61,1200,78656942100,-6443656700,-244317295900,172104010500,1210531.0,728002365.0,237264076000.0,142688463540000.0,0.17
2024-10-24,193500,202000,190000,198200,6344515,1.1224489795918366,144290068743000,6344515,1253030961050,728002365,77752,0.0,2.55,0,0.61,1200,23626694900,-1578668500,-195913386600,173865360200,1208816.0,728002365.0,239587331200.0,144290068743000.0,0.17
2024-10-25,203000,206000,199400,201000,5530362,1.4127144298688195,146328475365000,5530362,1120582740534,728002365,77752,0.0,2.59,0,0.6,1200,32872503900,-1298026600,-62228123100,30653645800,1228335.0,728002365.0,246895335000.0,146328475365000.0,0.17
2024-10-28,203500,205000,194200,196000,4114186,-2.4875621890547266,142688463540000,4114186,816480172676,728002365,77752,0.0,2.52,0,0.61,1200,-6916912200,1057525200,96929249300,-91069862300,1234842.0,728002365.0,242029032000.0,142688463540000.0,0.17
2024-10-29,196000,197000,189100,190300,4067991,-2.9081632653061225,138538850059500,4067991,777432774400,728002365,77752,0.0,2.45,0,0.63,1200,-26667110700,3252871100,87688210300,-64273970700,1202389.0,728002365.0,228814626700.0,138538850059500.0,0.17
2024-10-30,190200,195400,189400,195000,3580400,2.4697845507094063,141960461175000,3580400,692875787184,728002365,77752,0.0,2.51,0,0.62,1200,-11889440100,361903500,-107993798700,119521335300,1216687.0,728002365.0,237253965000.0,141960461175000.0,0.17
2024-10-31,189900,192900,186100,186300,4573282,-4.461538461538462,135626840599500,4573282,860701411700,728002365,77752,0.0,2.4,0,0.64,1200,-14655313000,-4919953000,112772718700,-93197452700,1195539.0,728002365.0,222728915700.0,135626840599500.0,0.16
2024-11-01,182500,184900,180500,182200,3478519,-2.200751476113795,132642030903000,3478519,635191353700,728002365,77752,0.0,2.34,0,0.66,1200,-5239044100,744678200,-7396439900,11890805800,1200310.0,728002365.0,218696482000.0,132642030903000.0,0.16
2024-11-04,185200,194000,183700,194000,3569575,6.476399560922063,141232458810000,3569575,678440543400,728002365,77752,0.0,2.5,0,0.62,1200,19265379200,-5488114300,-95539865400,81762600500,1185564.0,728002365.0,229999416000.0,141232458810000.0,0.16
2024-11-05,193600,198800,192100,193200,3560310,-0.4123711340206186,140650056918000,3560310,694370208200,728002365,77752,0.0,2.48,0,0.62,1200,-42113653600,-251775100,-4231691700,46597120400,1183372.0,728002365.0,228627470400.0,140650056918000.0,0.16
2024-11-06,197700,199200,192700,195800,3460361,1.3457556935817805,142542863067000,3460361,678932664000,728002365,77752,0.0,2.52,0,0.61,1200,21518798500,995768200,-131258152900,108743586200,1181871.0,728002365.0,231410341800.0,142542863067000.0,0.16
2024-11-07,197400,198300,193100,197400,2976546,0.8171603677221655,143707666851000,2976546,584762102000,728002365,77752,0.0,2.54,0,0.61,1200,9346115900,-1422509200,-85436592500,77512985800,1157908.0,728002365.0,228571039200.0,143707666851000.0,0.16
2024-11-08,200500,203000,198800,200500,3031573,1.5704154002026343,145964474182500,3031573,609386355500,728002365,77752,0.0,2.58,0,0.6,1200,10912339000,845169400,-155118590700,143361082300,1191930.0,728002365.0,238981965000.0,145964474182500.0,0.16
2024-11-11,199300,199300,192400,192600,2636191,-3.940149625935162,140213255499000,2636191,513600515900,728002365,77752,0.0,2.48,0,0.62,1200,-70566895500,-3505530900,85463983000,-11391556600,1193890.0,728002365.0,229943214000.0,140213255499000.0,0.16
2024-11-12,192500,192500,184900,185800,3920254,-3.5306334371754935,135262839417000,3920254,735920823896,728002365,77752,0.0,2.39,0,0.65,1200,-46136144800,-3083139000,21277715800,27941568000,1326607.0,728002365.0,246483580600.0,135262839417000.0,0.18
2024-11-13,185700,189500,182600,182900,3172827,-1.5608180839612487,133151632558500,3172827,588572745382,728002365,77752,0.0,2.35,0,0.66,1200,-18100686100,-595266700,67589606500,-48893653700,1349317.0,728002365.0,246790079300.0,133151632558500.0,0.19
2024-11-14,182900,184900,171700,173000,6309368,-5.41279387643521,125944409145000,6309368,1103542727800,728002365,77752,0.0,2.23,0,0.69,1200,15140045000,854390500,163494707400,-179489142900,1357786.0,728002365.0,234896978000.0,125944409145000.0,0.19
2024-11-15,174000,179000,173600,178200,4330750,3.005780346820809,129730021443000,4330750,767732381719,728002365,77752,0.0,2.29,0,0.67,1200,79431982700,-812243400,-75386454200,-3233285100,1305346.0,728002365.0,232612657200.0,129730021443000.0,0.18
2024-11-18,173800,177800,170300,171700,3885644,-3.6475869809203143,124998006070500,3885644,672939356300,728002365,77752,0.0,2.21,0,0.7,1200,-63857261800,115548500,172448830800,-108707117500,1386999.0,728002365.0,238147728300.0,124998006070500.0,0.19
2024-11-19,170400,172900,168100,170600,4075013,-0.64065230052417,124197203469000,4075013,694275930300,728002365,77752,0.0,2.19,0,0.7,1200,80958370500,-937712600,78198048500,-158218706400,1360215.0,728002365.0,232052679000.0,124197203469000.0,0.19
2024-11-20,175000,175100,170200,170600,3689296,0.0,124197203469000,3689296,636442685500,728002365,77752,0.0,2.19,0,0.7,1200,-7706426800,17752826700,68367187000,-78413586900,1282884.0,728002365.0,218860010400.0,124197203469000.0,0.18
2024-11-21,168200,173000,168200,168800,3821502,-1.0550996483001172,122886799212000,3821502,650691306000,728002365,77752,0.0,2.17,0,0.71,1200,69024300500,-1586783800,52913089700,-120350606400,1266705.0,728002365.0,213819804000.0,122886799212000.0,0.17
2024-11-22,171700,178200,171200,176700,3919973,4.680094786729858,128638017895500,3919973,687014396004,728002365,77752,0.0,2.27,0,0.68,1200,40855253800,3606708000,-175615264700,131153302900,1263830.0,728002365.0,223318761000.0,128638017895500.0,0.17
2024-11-25,174500,179500,173900,177000,4393882,0.1697792869269949,128856418605000,4393882,778801005491,728002365,77752,0.0,2.28,0,0.68,1200,24108414500,841817800,-1878817600,-23071414700,1275347.0,728002365.0,225736419000.0,128856418605000.0,0.18
2024-11-26,175200,177700,174700,177100,1996128,0.05649717514124294,128929218841500,1996128,352917053292,728002365,77752,0.0,2.28,0,0.68,1200,-42829871800,-5247493600,-22023575300,70100940700,1280126.0,728002365.0,226710314600.0,128929218841500.0,0.18
2024-11-27,175600,175700,167900,168300,4756820,-4.968944099378882,122522798029500,4756820,809509864701,728002365,77752,0.0,2.16,0,0.71,1200,-54992304400,3109579600,142214761300,-90332036500,1278090.0,728002365.0,215102547000.0,122522798029500.0,0.18
2024-11-28,164600,166300,160800,161100,5691298,-4.27807486631016,117281181001500,5691298,925873640830,728002365,77752,0.0,2.07,0,0.74,1200,-29009561400,-8283535100,216270728600,-178977632100,1249294.0,728002365.0,201261263400.0,117281181001500.0,0.17
2024-11-29,160000,162400,157600,159900,4682788,-0.74487895716946,116407578163500,4682788,748131979100,728002365,77752,0.0,2.06,0,0.75,1200,-2321070200,-1381025600,29564414600,-25862318800,1216179.0,728002365.0,194467022100.0,116407578163500.0,0.17
2024-12-02,162200,162700,158600,158800,3558868,-0.6879299562226392,115606775562000,3558868,570038249000,728002365,77752,0.0,2.04,0,0.76,1200,17093413500,-2404052700,-7391067500,-7298293300,1204220.0,728002365.0,191230136000.0,115606775562000.0,0.17
2024-12-03,159200,165100,159100,164900,4180365,3.841309823677582,120047589988500,4180365,677103146098,728002365,77752,0.0,2.12,0,0.73,1200,24860372000,3342643100,-63814467100,35611452000,1218107.0,728002365.0,200865844300.0,120047589988500.0,0.17
2024-12-04,161300,168000,161100,168000,5701792,1.879927228623408,122304397320000,5701792,941673740600,728002365,77752,0.0,2.16,0,0.71,1200,43820684100,-1065122200,-72798280200,30042718300,1479818.0,728002365.0,248609424000.0,122304397320000.0,0.2
2024-12-05,170000,175600,169300,173000,4671438,2.976190476190476,125944409145000,4671438,809096221721,728002365,77752,0.0,2.23,0,0.69,1200,3089868200,-2410859800,-169817933200,169138924800,1547054.0,728002365.0,267640342000.0,125944409145000.0,0.21
2024-12-06,173500,173600,165000,167100,4434259,-3.410404624277456,121649195191500,4434259,744043079742,728002365,77752,0.0,2.15,0,0.72,1200,103221498800,-4563220600,78988793000,-177647071200,1165088.0,728002365.0,194686204800.0,121649195191500.0,0.16
2024-12-09,167100,170600,165000,168900,5305672,1.0771992818671454,122959599448500,5305672,892260675608,728002365,77752,0.0,2.17,0,0.71,1200,45206297400,-2601686300,-174845471100,132240860000,1141322.0,728002365.0,192769285800.0,122959599448500.0,0.16
2024-12-10,168000,170400,167600,170400,3159112,0.8880994671403196,124051602996000,3159112,534512101470,728002365,77752,0.0,2.19,0,0.7,1200,25910271400,-629271000,687269900,-25968270300,1140371.0,728002365.0,194319218400.0,124051602996000.0,0.16
2024-12-11,167400,171800,167000,171800,2281189,0.8215962441314555,125070806307000,2281189,386475447400,728002365,77752,0.0,2.21,0,0.7,1200,-38525655100,487684400,-13731053600,51769024300,1160410.0,728002365.0,199358438000.0,125070806307000.0,0.16
2024-12-12,176500,177400,173500,176100,4550292,2.5029103608847496,128201216476500,4550292,799323588844,728002365,77752,0.0,2.26,0,0.68,1200,49935094400,1519902300,-101678413800,50223417100,1193773.0,728002365.0,210223425300.0,128201216476500.0,0.16
2024-12-13,174400,176400,173500,175500,3677980,-0.34071550255536626,127764415057500,3677980,643515029446,728002365,77752,0.0,2.26,0,0.68,1200,4533410800,1619346800,30169130600,-36321888200,1226610.0,728002365.0,215270055000.0,127764415057500.0,0.17
2024-12-16,177400,180400,177300,179300,3278975,2.1652421652421654,130530824044500,3278975,586614707000,728002365,77752,0.0,2.31,0,0.67,1200,-12653121500,-414546700,-77301881800,90369550000,1240088.0,728002365.0,222347778400.0,130530824044500.0,0.17
2024-12-17,183000,184500,182100,184000,3188910,2.6213050752928053,133952435160000,3188910,586093517788,728002365,77752,0.0,2.37,0,0.65,1200,11650027900,-1957677100,-133786035200,124093684400,1255964.0,728002365.0,231097376000.0,133952435160000.0,0.17
2024-12-18,183400,183900,181600,183500,2363872,-0.2717391304347826,133588433977500,2363872,432146270780,728002365,77752,0.0,2.36,0,0.65,1200,-48843316100,395598500,27349558500,21098159100,1251366.0,728002365.0,229625661000.0,133588433977500.0,0.17
2024-12-19,173900,176800,173000,175000,4833862,-4.632152588555858,127400413875000,4833862,846437012124,728002365,77752,0.0,2.25,0,0.69,1200,-236434180300,-2036848600,153923935600,84547093300,1366615.0,728002365.0,239157625000.0,127400413875000.0,0.19
2024-12-20,174100,174800,167100,168500,4487308,-3.7142857142857144,122668398502500,4487308,759899327600,728002365,77752,0.0,2.17,0,0.71,1200,-2961234200,-2037415500,193749534100,-188750884400,1301402.0,728002365.0,219286237000.0,122668398502500.0,0.18
2024-12-23,170000,173300,169600,169600,3287596,0.6528189910979229,123469201104000,3287596,562547050905,728002365,77752,0.0,2.18,0,0.71,1200,73323811300,4240648500,-8215483500,-69348976300,1244762.0,728002365.0,211111635200.0,123469201104000.0,0.17
2024-12-24,171700,171900,168300,168500,1844961,-0.6485849056603774,122668398502500,1844961,312884954400,728002365,77752,0.0,2.17,0,0.71,1200,20413513600,-1280937600,-21151656300,2019080300,1205252.0,728002365.0,203084962000.0,122668398502500.0,0.17
2024-12-26,170000,172000,169400,170100,2022727,0.9495548961424332,123833202286500,2022727,345252114800,728002365,77752,0.0,2.19,0,0.71,1200,28529687800,-320866400,-148387176400,120178355000,912926.0,728002365.0,155288712600.0,123833202286500.0,0.13
2024-12-27,170100,176000,170000,174500,2643523,2.586713697824809,127036412692500,2643523,459886497400,728002365,77752,0.0,2.24,0,0.69,1200,4480624300,-1317568100,-19971413400,16808357200,1015342.0,728002365.0,177177179000.0,127036412692500.0,0.14
2024-12-30,174000,175800,172400,173900,1434202,-0.3438395415472779,126599611273500,1434202,250367749400,728002365,77752,0.0,2.24,0,0.69,1200,9431240400,175397300,-3479593700,-6127044000,995871.0,728002365.0,173181966900.0,126599611273500.0,0.14
2025-01-02,170500,172200,170000,171200,2102175,-1.5526164462334675,124634004888000,2102175,358922920000,728002365,77752,0.0,2.2,0,0.7,1200,-31767134300,133875000,77471441200,-45838181900,968307.0,728002365.0,165774158400.0,124634004888000.0,0.13
2025-01-03,174500,182700,173100,181900,4233446,6.25,132423630193500,4233446,760554633376,728002365,77752,0.0,2.34,0,0.66,1200,94341447200,1351677300,-252858203600,157165079100,927461.0,728002365.0,168705155900.0,132423630193500.0,0.13
2025-01-06,184400,199800,184400,199800,7320382,9.84057174271578,145454872527000,7320382,1415140958700,728002365,77752,0.0,2.57,0,0.6,1200,53100610200,6127523300,-347115062400,287886928900,828720.0,728002365.0,165578256000.0,145454872527000.0,0.11
2025-01-07,205000,206500,194800,195000,6075445,-2.4024024024024024,141960461175000,6075445,1208884342340,728002365,77752,0.0,2.51,0,0.62,1200,15795215500,-2708365600,4509276000,-17596125900,826532.0,728002365.0,161173740000.0,141960461175000.0,0.11
2025-01-08,193100,198100,191000,194700,4275792,-0.15384615384615385,141742060465500,4275792,832264534297,728002365,77752,0.0,2.5,0,0.62,1200,-12997587200,6453180500,23631735200,-17087328500,844939.0,728002365.0,164509623300.0,141742060465500.0,0.12
2025-01-09,201000,206000,199800,205000,6692254,5.290190035952748,149240484825000,6692254,1359638086600,728002365,77752,0.0,2.64,0,0.59,1200,-63974542500,-7395765000,-372366038000,443736345500,768859.0,728002365.0,157616095000.0,149240484825000.0,0.11
2025-01-10,208000,212500,202500,203500,6149475,-0.7317073170731708,148148481277500,6149475,1275141940365,728002365,77752,0.0,2.62,0,0.59,1200,-89460225000,-3244606000,-53743853000,146448684000,868554.0,728002365.0,176750739000.0,148148481277500.0,0.12
2025-01-13,203000,203000,193900,194300,4767294,-4.520884520884521,141450859519500,4767294,939206630700,728002365,77752,0.0,2.5,0,0.62,1200,13886861700,1455225300,152384181600,-167726268600,768509.0,728002365.0,149321298700.0,141450859519500.0,0.11
2025-01-14,194300,197900,193600,195000,3019149,0.3602676273803397,141960461175000,3019149,588800948432,728002365,77752,0.0,2.51,0,0.62,1200,-19207050500,17113400,79904474400,-60714537300,754911.0,728002365.0,147207645000.0,141960461175000.0,0.1
2025-01-15,198000,201000,197700,198200,3620460,1.641025641025641,144290068743000,3620460,721291863250,728002365,77752,0.0,2.55,0,0.61,1200,-51863519300,12959628900,-89058282600,127962173000,821126.0,728002365.0,162747173200.0,144290068743000.0,0.11
2025-01-16,208500,210000,206500,210000,6029645,5.953582240161452,152880496650000,6029645,1260003720050,728002365,77752,0.0,2.7,0,0.57,1200,-35896015600,-8360264500,-440951099900,485207380000,765238.0,728002365.0,160699980000.0,152880496650000.0,0.11
2025-01-17,209500,217500,209000,214500,5041329,2.142857142857143,156156507292500,5041329,1078684611000,728002365,77752,0.0,2.76,0,0.56,1200,-3148619000,-3072160500,-209999021000,216219800500,867524.0,728002365.0,186083898000.0,156156507292500.0,0.12
2025-01-20,219000,219000,210500,212000,3036234,-1.1655011655011656,154336501380000,3036234,647968801214,728002365,77752,0.0,2.73,0,0.57,1200,3268127000,1525805000,-1330518000,-3463414000,931648.0,728002365.0,197509376000.0,154336501380000.0,0.13
2025-01-21,216500,220000,214000,218000,3323212,2.8301886792452833,158704515570000,3323212,722744790231,728002365,77752,0.0,2.8,0,0.55,1200,-29341953000,-2141710000,-44845813500,76329476500,939067.0,728002365.0,204716606000.0,158704515570000.0,0.13
2025-01-22,221500,227000,217000,225500,5901740,3.4403669724770642,164164533307500,5901740,1318000464750,728002365,77752,0.0,2.9,0,0.53,1200,16194429000,-1466282500,-266252934500,251524788000,1096082.0,728002365.0,247166491000.0,164164533307500.0,0.15
2025-01-23,221000,225500,215000,219500,5994781,-2.6607538802660753,159796519117500,5994781,1318343480000,728002365,77752,0.0,2.82,0,0.55,1200,-20234068500,4571511000,146694513000,-131031955500,1187400.0,728002365.0,260634300000.0,159796519117500.0,0.16
2025-01-24,220500,227000,217500,221000,3771572,0.683371298405467,160888522665000,3771572,838364627936,728002365,77752,0.0,2.84,0,0.54,1200,-42966178000,4303528000,21568250500,17094399500,1249430.0,728002365.0,276124030000.0,160888522665000.0,0.17
2025-01-31,197000,204500,194800,199200,11871995,-9.864253393665159,145018071108000,11871995,2370677638450,728002365,77752,0.0,2.56,0,0.6,1200,-8732725100,1729278400,398764259200,-391760812500,1505099.0,728002365.0,299815720800.0,145018071108000.0,0.21
2025-02-03,191500,193200,186900,190900,7926444,-4.166666666666666,138975651478500,7926444,1507115126941,728002365,77752,0.0,2.46,0,0.63,1200,-42202085800,-1351668500,11282219000,32271535300,1398019.0,728002365.0,266881827100.0,138975651478500.0,0.19
2025-02-04,192900,194300,190100,191100,5851146,0.10476689366160294,139121251951500,5851146,1124998402477,728002365,77752,0.0,2.46,0,0.63,1200,19310025800,2398758700,124787284100,-146496068600,1263231.0,728002365.0,241403444100.0,139121251951500.0,0.17
2025-02-05,191900,199400,191900,198800,4245118,4.029304029304029,144726870162000,4245118,835342570774,728002365,77752,0.0,2.56,0,0.6,1200,-12991748600,-1679862300,-149118462700,163790073600,911777.0,728002365.0,181261267600.0,144726870162000.0,0.13
2025-02-06,202000,205000,200500,203500,4032622,2.3641851106639837,148148481277500,4032622,819158236800,728002365,77752,0.0,2.62,0,0.59,1200,-79861586500,-2186788500,-135397011600,217445386600,865521.0,728002365.0,176133523500.0,148148481277500.0,0.12
2025-02-07,205000,206000,200500,203000,2206293,-0.2457002457002457,147784480095000,2206293,447781215500,728002365,77752,0.0,2.61,0,0.59,1200,-52786303500,394934000,-21148381500,73539751000,747585.0,728002365.0,151759755000.0,147784480095000.0,0.1
2025-02-10,197800,203000,197000,198100,2779740,-2.413793103448276,144217268506500,2779740,554180940500,728002365,77752,0.0,2.55,0,0.61,1200,-10134607500,-18798716600,21053698400,7879625700,773770.0,728002365.0,153283837000.0,144217268506500.0,0.11
2025-02-11,201000,201500,198000,199700,2488710,0.8076728924785461,145382072290500,2488710,496390495100,728002365,77752,0.0,2.57,0,0.6,1200,-4472772800,10661749400,-15211547100,9022570500,765460.0,728002365.0,152862362000.0,145382072290500.0,0.11
2025-02-12,196500,199900,196000,198900,2884072,-0.40060090135202797,144799670398500,2884072,571551165100,728002365,77752,0.0,2.56,0,0.6,1200,-12154133100,-3499395400,-40018276400,55671804900,888485.0,728002365.0,176719666500.0,144799670398500.0,0.12
2025-02-13,198800,208500,198100,208500,3574410,4.826546003016592,151788493102500,3574410,730557417800,728002365,77752,0.0,2.68,0,0.58,1200,181472150300,-3558453800,-217760978200,39847281700,878863.0,728002365.0,183242935500.0,151788493102500.0,0.12
2025-02-14,209000,212000,206500,210000,2598656,0.7194244604316548,152880496650000,2598656,543419304500,728002365,77752,0.0,2.7,0,0.57,1200,-17991427500,-2311761000,-114361397000,134664585500,919011.0,728002365.0,192992310000.0,152880496650000.0,0.13
2025-02-17,211500,216000,211000,212000,2497922,0.9523809523809524,154336501380000,2497922,533048999500,728002365,77752,0.0,2.73,0,0.57,1200,-9558588000,1392593500,-50756711500,58922706000,1074604.0,728002365.0,227816048000.0,154336501380000.0,0.15
2025-02-18,212000,215000,207000,210000,1937894,-0.9433962264150944,152880496650000,1937894,406272256500,728002365,77752,0.0,2.7,0,0.57,1200,19388615000,-1867727000,11123563500,-28644451500,1018722.0,728002365.0,213931620000.0,152880496650000.0,0.14
2025-02-19,216000,219500,214000,218500,3537720,4.0476190476190474,159068516752500,3537720,770153963750,728002365,77752,0.0,2.81,0,0.55,1200,67188067500,526787500,-239951327000,172236472000,1010341.0,728002365.0,220759508500.0,159068516752500.0,0.14
2025-02-20,217000,218500,211000,212000,3080242,-2.9748283752860414,154336501380000,3080242,661408632000,728002365,77752,0.0,2.73,0,0.57,1200,10761215000,3719042000,25259695000,-39739952000,1110605.0,728002365.0,235448260000.0,154336501380000.0,0.15
2025-02-21,209500,211000,205500,209500,2601151,-1.179245283018868,152516495467500,2601151,542257643792,728002365,77752,0.0,2.69,0,0.57,1200,23302776500,-21330500,18049034500,-41330480500,981305.0,728002365.0,205583397500.0,152516495467500.0,0.13
2025-02-24,202500,205000,201000,205000,3087127,-2.1479713603818613,149240484825000,3087127,625258023500,728002365,77752,0.0,2.64,0,0.59,1200,-26988197000,-2058369500,70714221500,-41667655000,954435.0,728002365.0,195659175000.0,149240484825000.0,0.13
2025-02-25,199800,202000,199200,200500,3651613,-2.195121951219512,145964474182500,3651613,731446983774,728002365,77752,0.0,2.58,0,0.6,1200,-3028355100,-13721832800,110858401900,-94108214000,948208.0,728002365.0,190115704000.0,145964474182500.0,0.13
2025-02-26,199000,206000,198600,203000,3849749,1.2468827930174564,147784480095000,3849749,780860303269,728002365,77752,0.0,2.61,0,0.59,1200,-62500768100,9593265500,-13549606300,66457108900,828039.0,728002365.0,168091917000.0,147784480095000.0,0.11
2025-02-27,204500,205000,198100,199200,3993419,-1.87192118226601,145018071108000,3993419,801483462385,728002365,77752,0.0,2.56,0,0.6,1200,-23312263300,108234700,159600276900,-136396248300,855633.0,728002365.0,170442093600.0,145018071108000.0,0.12
2025-02-28,191600,193000,188700,190200,5533027,-4.518072289156627,138466049823000,5533027,1053368170640,728002365,77752,0.0,2.45,0,0.63,1200,-19591612000,14993195300,242359481800,-237761065100,869403.0,728002365.0,165360450600.0,138466049823000.0,0.12
2025-03-04,184800,187500,184000,186100,5424556,-2.155625657202944,135481240126500,5424556,1006609154400,728002365,77752,0.0,2.39,0,0.64,1200,27424148350,9022931950,139382841950,-175829922250,781239.0,728002365.0,145388577900.0,135481240126500.0,0.11
2025-03-05,188200,194400,186600,193100,4162368,3.7614185921547554,140577256681500,4162368,792823813324,728002365,77752,0.0,2.48,0,0.62,1200,13690550150,-13673798450,-47300583350,47283831650,810970.0,728002365.0,156598307000.0,140577256681500.0,0.11
2025-03-06,193500,194000,190300,192400,2540131,-0.3625064733298809,140067655026000,2540131,487906203750,728002365,77752,0.0,2.47,0,0.62,1200,-30422244550,-1212389050,-6625451550,38260085150,846421.0,728002365.0,162851400400.0,140067655026000.0,0.12
2025-03-07,191000,192800,187900,192400,2700590,0.0,140067655026000,2700590,514599743350,728002365,77752,0.0,2.47,0,0.62,1200,-48517920450,1904239950,4935696500,41677984000,846591.0,728002365.0,162884108400.0,140067655026000.0,0.12
2025-03-10,187500,191500,187300,187900,2441476,-2.338877338877339,136791644383500,2441476,460628775200,728002365,77752,0.0,2.42,0,0.64,1200,9884640950,5945726850,129435297950,-145265665750,850827.0,728002365.0,159870393300.0,136791644383500.0,0.12
2025-03-11,182100,189000,181300,187800,3521800,-0.05321979776476849,136718844147000,3521800,649730579920,728002365,77752,0.0,2.42,0,0.64,1200,5638506250,7561916950,25257026800,-38457450000,863478.0,728002365.0,162161168400.0,136718844147000.0,0.12
2025-03-12,192400,199350,189700,198900,4064278,5.9105431309904155,144799670398500,4064278,794706190200,728002365,77752,0.0,2.56,0,0.6,1200,107088948850,1261539300,-252359780700,144009292550,862748.0,728002365.0,171600577200.0,144799670398500.0,0.12
2025-03-13,202500,204500,195500,199700,3883033,0.40221216691804923,145382072290500,3883033,776558211300,728002365,77752,0.0,2.57,0,0.6,1200,209351955250,-890744600,-65740934750,-142720275900,923679.0,728002365.0,184458696300.0,145382072290500.0,0.13
2025-03-14,198500,206000,198500,204500,3397462,2.4036054081121683,148876483642500,3397462,689837704000,728002365,77752,0.0,2.63,0,0.59,1200,58100904550,-4029155850,-231878375600,177806626900,927279.0,728002365.0,189628555500.0,148876483642500.0,0.13
2025-03-17,207000,209500,203500,206000,2584679,0.7334963325183375,149968487190000,2584679,533631663000,728002365,77752,0.0,2.65,0,0.58,1200,87173515250,-2599655500,-72734075750,-11839784000,931936.0,728002365.0,191978816000.0,149968487190000.0,0.13
2025-03-18,208500,209000,201000,203000,2696191,-1.4563106796116505,147784480095000,2696191,550201555250,728002365,77752,0.0,2.61,0,0.59,1200,36681813750,-10315662750,-8972496500,-17393654500,936225.0,728002365.0,190053675000.0,147784480095000.0,0.13
2025-03-19,202000,209500,201000,205500,3102000,1.2315270935960592,149604486007500,3102000,637177605000,728002365,77752,0.0,2.64,0,0.58,1200,12316814250,545792750,-36536779750,23674172750,939707.0,728002365.0,193109788500.0,149604486007500.0,0.13
2025-03-20,207000,211000,205500,210000,2779557,2.18978102189781,152880496650000,2779557,579752913250,728002365,77752,0.0,2.7,0,0.57,1200,41432776750,-1205871750,-174987619500,134760714500,992313.0,728002365.0,208385730000.0,152880496650000.0,0.14
2025-03-21,213500,219500,212000,215500,5731880,2.619047619047619,156884509657500,5731880,1236596921720,728002365,77752,0.0,2.77,0,0.56,1200,-59763031000,-2185365500,-218036526000,279984922500,996320.0,728002365.0,214706960000.0,156884509657500.0,0.14
2025-03-24,211500,214500,209500,211500,1611040,-1.8561484918793503,153972500197500,1611040,341794680250,728002365,77752,0.0,2.72,0,0.57,1200,-7234783500,468290250,18609879750,-11843386500,1055611.0,728002365.0,223261726500.0,153972500197500.0,0.15
2025-03-25,214500,215500,208000,208000,2262656,-1.6548463356973995,151424491920000,2262656,476236293083,728002365,77752,0.0,2.68,0,0.58,1200,39065491250,19315500,14233887250,-53318694000,1081810.0,728002365.0,225016480000.0,151424491920000.0,0.15
2025-03-26,209000,215500,208500,214000,2058540,2.8846153846153846,155792506110000,2058540,439676735592,728002365,77752,0.0,2.75,0,0.56,1200,-5219856250,22081500,-90933633250,96131408000,1085814.0,728002365.0,232364196000.0,155792506110000.0,0.15
2025-03-27,208000,212000,206500,207000,2287220,-3.2710280373831773,150696489555000,2287220,476716761250,728002365,77752,0.0,2.66,0,0.58,1200,-38047257250,-360000000,54440696750,-16033439500,1076523.0,728002365.0,222840261000.0,150696489555000.0,0.15
2025-03-28,203000,204500,198900,199300,2673553,-3.719806763285024,145090871344500,2673553,534519603200,728002365,77752,0.0,2.56,0,0.6,1200,3408563550,2642212350,136777939550,-142828715450,1079516.0,728002365.0,215147538800.0,145090871344500.0,0.15
2025-03-31,193500,195500,190500,190700,4561715,-4.315102860010035,138830051005500,4561715,876621938700,728002365,77752,0.0,2.45,0,0.63,1200,166935476800,3442871250,167564871250,-337943219300,1059269.0,728002365.0,202002598300.0,138830051005500.0,0.15
2025-04-01,193600,198500,192000,197000,2317253,3.303618248557944,143416465905000,2317253,452715582568,728002365,77752,0.0,2.53,0,0.61,1200,-4861889000,27930550,-12763560000,17597518450,1059022.0,728002365.0,208627334000.0,143416465905000.0,0.15
2025-04-02,198800,201500,197300,197900,2764223,0.4568527918781726,144071668033500,2764223,548735781100,728002365,77752,0.0,2.55,0,0.61,1200,155234020000,-642444600,-30848351650,-123743223750,1150390.0,728002365.0,227662181000.0,144071668033500.0,0.16
2025-04-03,189600,194600,188200,194600,4177747,-1.667508842849924,141669260229000,4177747,802393786600,728002365,77752,0.0,2.5,0,0.62,1200,179085755150,2594668700,151465232000,-333145655850,1017147.0,728002365.0,197936806200.0,141669260229000.0,0.14
2025-04-04,187900,189600,178400,182200,9182017,-6.3720452209660845,132642030903000,9182017,1685984859300,728002365,77752,0.0,2.34,0,0.66,1200,275854001100,2719173100,651916411100,-930489585300,1009447.0,728002365.0,183921243400.0,132642030903000.0,0.14
2025-04-07,168000,172800,164800,164800,7879050,-9.549945115257959,119974789752000,7879050,1328142523000,728002365,77752,0.0,2.12,0,0.73,1200,-75769361500,8695130900,456854005400,-389779774800,479746.0,728002365.0,79062140800.0,119974789752000.0,0.07
2025-04-08,172000,173100,168200,169500,4965171,2.8519417475728157,123396400867500,4965171,847718116950,728002365,77752,0.0,2.18,0,0.71,1200,-24224826850,6327751600,21838842400,-3941767150,458056.0,728002365.0,77640492000.0,123396400867500.0,0.06
2025-04-09,170000,170000,162700,165000,8035679,-2.6548672566371683,120120390225000,8035679,1325989995350,728002365,77752,0.0,2.12,0,0.73,1200,44221724700,10673462300,225139644850,-280034831850,543446.0,728002365.0,89668590000.0,120120390225000.0,0.07
2025-04-10,189700,189900,180000,183200,7836984,11.030303030303031,133370033268000,7836984,1441489112800,728002365,77752,0.0,2.36,0,0.66,1200,63038183150,-5216528200,-93713280450,35891625500,545301.0,728002365.0,99899143200.0,133370033268000.0,0.07
2025-04-11,177800,181800,176100,180800,3223735,-1.3100436681222707,131622827592000,3223735,576358985600,728002365,77752,0.0,2.33,0,0.66,1200,23388937150,2016595400,129212611250,-154618143800,545301.0,728002365.0,98590420800.0,131622827592000.0,0.07
2025-04-14,182900,184400,178000,180200,3466194,-0.33185840707964603,131186026173000,3466194,626944507025,728002365,77752,0.0,2.32,0,0.67,1200,-10430147800,1833562050,114723269400,-106126683650,725128.0,728002365.0,130668065600.0,131186026173000.0,0.1
2025-04-15,180200,182400,179700,180600,1915455,0.22197558268590456,131477227119000,1915455,346806750872,728002365,77752,0.0,2.32,0,0.66,1200,33887719900,501076150,-53150334200,18761538150,721790.0,728002365.0,130355274000.0,131477227119000.0,0.1
2025-04-16,176500,177500,173500,174000,2933428,-3.6544850498338874,126672411510000,2933428,513625295288,728002365,77752,0.0,2.24,0,0.69,1200,-83352846800,2050633950,133012696850,-51710484000,773275.0,728002365.0,134549850000.0,126672411510000.0,0.11
2025-04-17,172100,175400,171800,175000,2989493,0.5747126436781609,127400413875000,2989493,518847231000,728002365,77752,0.0,2.25,0,0.69,1200,15731036300,4445920800,142783461700,-162960418800,792499.0,728002365.0,138687325000.0,127400413875000.0,0.11
2025-04-18,174000,175500,172800,175000,1305152,0.0,127400413875000,1305152,227190964950,728002365,77752,0.0,2.25,0,0.69,1200,8406456350,1555710200,27113497900,-37075664450,801289.0,728002365.0,140225575000.0,127400413875000.0,0.11
2025-04-21,174800,180000,174500,176600,1877473,0.9142857142857144,128565217659000,1877473,333023289800,728002365,77752,0.0,2.27,0,0.68,1200,-7096910200,168859200,2340319850,4587731150,822043.0,728002365.0,145172793800.0,128565217659000.0,0.11
2025-04-22,175000,175500,173300,173800,2008388,-1.5855039637599093,126526811037000,2008388,350090558400,728002365,77752,0.0,2.24,0,0.69,1200,-20774162150,332228600,108217924750,-87775991200,914639.0,728002365.0,158964258200.0,126526811037000.0,0.13
2025-04-23,179100,181600,178100,181000,3857373,4.1426927502876865,131768428065000,3857373,694204494800,728002365,77752,0.0,2.33,0,0.66,1200,169302008750,-735630450,-113371920950,-55194457350,930705.0,728002365.0,168457605000.0,131768428065000.0,0.13
2025-04-24,182800,183400,177600,178300,3162156,-1.4917127071823204,129802821679500,3162156,567307528200,728002365,77752,0.0,2.29,0,0.67,1200,-72211941200,1799525950,132980843350,-62568428100,1034703.0,728002365.0,184487544900.0,129802821679500.0,0.14
2025-04-25,182500,184900,182100,184400,3507810,3.4212002243409985,134243636106000,3507810,643236401050,728002365,77752,0.0,2.37,0,0.65,1200,100480967000,-1885910400,-267746865100,169151808500,990828.0,728002365.0,182708683200.0,134243636106000.0,0.14
2025-04-28,183500,183900,179700,182000,2455710,-1.3015184381778742,132496430430000,2455710,446486658150,728002365,77752,0.0,2.34,0,0.66,1200,-26372967800,4491448700,-12685513400,34567032500,965664.0,728002365.0,175750848000.0,132496430430000.0,0.13
2025-04-29,182000,182900,179100,180800,1866386,-0.6593406593406593,131622827592000,1866386,337946381750,728002365,77752,0.0,2.33,0,0.66,1200,25678639550,855563900,10014888550,-36549092000,903418.0,728002365.0,163337974400.0,131622827592000.0,0.12
2025-04-30,179100,180000,176700,177500,2354473,-1.825221238938053,129220419787500,2354473,418810546350,728002365,77752,0.0,2.28,0,0.68,1200,-43365036350,-115453450,120228014650,-76747524850,893349.0,728002365.0,158569447500.0,129220419787500.0,0.12
2025-05-02,179400,186200,178400,186000,3886874,4.788732394366197,135408439890000,3886874,713077842545,728002365,107256,6.47,1.73,28732,1.18,2204,38794714600,-11224843400,-399184134150,371614262950,772418.0,728002365.0,143669748000.0,135408439890000.0,0.11
2025-05-07,187700,191500,185900,190800,3830097,2.5806451612903225,138902851242000,3830097,726827737180,728002365,107256,6.64,1.78,28732,1.16,2204,15982705200,-4079566100,-219455601850,207552462750,801374.0,728002365.0,152902159200.0,138902851242000.0,0.11
2025-05-08,196000,196000,189400,190300,5125330,-0.2620545073375262,138538850059500,5125330,987251900800,728002365,107256,6.62,1.77,28732,1.16,2204,84125869550,-235938700,-87291310300,3401379450,1559034.0,728002365.0,296684170200.0,138538850059500.0,0.21
2025-05-09,192000,192800,186800,190100,2539822,-0.10509721492380451,138393249586500,2539822,480995533500,728002365,107256,6.62,1.77,28732,1.16,2204,-2722498150,196934600,7300565350,-4775001800,1507816.0,728002365.0,286635821600.0,138393249586500.0,0.21
2025-05-12,193600,195200,193500,195000,1624884,2.5775907417148867,141960461175000,1624884,316118471450,728002365,107256,6.79,1.82,28732,1.13,2204,33871295950,-1178041050,-94537520350,61844265450,1480988.0,728002365.0,288792660000.0,141960461175000.0,0.2
2025-05-13,200500,201500,197300,198500,3385009,1.7948717948717947,144508469452500,3385009,674915737950,728002365,107256,6.91,1.85,28732,1.11,2204,-12318424350,-3777598100,-174927680350,191023702800,1348262.0,728002365.0,267630007000.0,144508469452500.0,0.19
2025-05-14,207000,207000,204000,206000,3333511,3.7783375314861463,149968487190000,3333511,687064499104,728002365,107256,7.17,1.92,28732,1.07,2204,9235170500,-3456052500,-272911811500,267132693500,1322977.0,728002365.0,272533262000.0,149968487190000.0,0.18
2025-05-15,207500,208000,199500,200500,3178957,-2.669902912621359,145964474182500,3178957,646444000549,728002365,107256,6.98,1.87,28732,1.1,2204,-70726363000,5708644600,-10080103400,75097821800,961460.0,728002365.0,192772730000.0,145964474182500.0,0.13
2025-05-16,206000,206750,203500,204500,2419507,1.99501246882793,148876483642500,2419507,496481724500,728002365,107256,7.12,1.91,28732,1.08,2204,18730665750,-6361362750,-125819320250,113450017250,897474.0,728002365.0,183533433000.0,148876483642500.0,0.12
2025-05-19,203000,203000,197500,199400,2482673,-2.493887530562347,145163671581000,2482673,494757331640,728002365,107256,6.94,1.86,28732,1.11,2204,-39491367100,-3115661750,29417765400,13189263450,896132.0,728002365.0,178688720800.0,145163671581000.0,0.12
2025-05-20,202500,208000,201500,202000,2820546,1.3039117352056169,147056477730000,2820546,575346512520,728002365,107256,7.03,1.88,28732,1.09,2204,-12294322500,-2133846000,-58528475750,72956644250,887021.0,728002365.0,179178242000.0,147056477730000.0,0.12
2025-05-21,204500,205000,199900,200500,1721760,-0.7425742574257426,145964474182500,1721760,346596366000,728002365,107256,6.98,1.87,28732,1.1,2204,-13780597150,-1585941250,37721261500,-22354723100,865779.0,728002365.0,173588689500.0,145964474182500.0,0.12
2025-05-22,199900,201500,196500,196900,1988587,-1.7955112219451372,143343665668500,1988587,393046069000,728002365,107256,6.85,1.84,28732,1.12,2204,-66349354050,-1864731200,48874666850,19339418400,,,,,
2025-05-23,199900,201500,198700,200000,1433493,1.5744032503809042,145600473000000,1538701,307720248600,728002365,107256,6.96,1.86,28732,1.1,2204,-19361557200,-866414600,-51571204700,71799176500,,,,,
